{"trains":[{"id":1623,"station_arrivals":[{"station_id":54,"time":"\/Date(1483272720000-0500)\/","train_id":1623},{"station_id":22,"time":"\/Date(1483273020000-0500)\/","train_id":1623},{"station_id":115,"time":"\/Date(1483273380000-0500)\/","train_id":1623},{"station_id":93,"time":"\/Date(1483276200000-0500)\/","train_id":1623}]},{"id":1205,"station_arrivals":[{"station_id":51,"time":"\/Date(1483273740000-0500)\/","train_id":1205},{"station_id":119,"time":"\/Date(1483274100000-0500)\/","train_id":1205},{"station_id":18,"time":"\/Date(1483274220000-0500)\/","train_id":1205},{"station_id":93,"time":"\/Date(1483276620000-0500)\/","train_id":1205}]},{"id":1627,"station_arrivals":[{"station_id":22,"time":"\/Date(1483273680000-0500)\/","train_id":1627},{"station_id":115,"time":"\/Date(1483274040000-0500)\/","train_id":1627},{"station_id":51,"time":"\/Date(1483274400000-0500)\/","train_id":1627},{"station_id":93,"time":"\/Date(1483277100000-0500)\/","train_id":1627}]},{"id":1621,"station_arrivals":[{"station_id":54,"time":"\/Date(1483271400000-0500)\/","train_id":1621},{"station_id":22,"time":"\/Date(1483271700000-0500)\/","train_id":1621},{"station_id":115,"time":"\/Date(1483272060000-0500)\/","train_id":1621},{"station_id":51,"time":"\/Date(1483272480000-0500)\/","train_id":1621},{"station_id":58,"time":"\/Date(1483273860000-0500)\/","train_id":1621},{"station_id":53,"time":"\/Date(1483274940000-0500)\/","train_id":1621}]},{"id":2391,"station_arrivals":[{"station_id":32,"time":"\/Date(1483264380000-0500)\/","train_id":2391},{"station_id":14,"time":"\/Date(1483265340000-0500)\/","train_id":2391},{"station_id":51,"time":"\/Date(1483265700000-0500)\/","train_id":2391},{"station_id":58,"time":"\/Date(1483267200000-0500)\/","train_id":2391},{"station_id":93,"time":"\/Date(1483268400000-0500)\/","train_id":2391}]},{"id":2007,"station_arrivals":[{"station_id":101,"time":"\/Date(1483264680000-0500)\/","train_id":2007},{"station_id":20,"time":"\/Date(1483265100000-0500)\/","train_id":2007},{"station_id":15,"time":"\/Date(1483265340000-0500)\/","train_id":2007},{"station_id":25,"time":"\/Date(1483265640000-0500)\/","train_id":2007},{"station_id":124,"time":"\/Date(1483265940000-0500)\/","train_id":2007},{"station_id":32,"time":"\/Date(1483266300000-0500)\/","train_id":2007},{"station_id":14,"time":"\/Date(1483266540000-0500)\/","train_id":2007},{"station_id":51,"time":"\/Date(1483266900000-0500)\/","train_id":2007},{"station_id":82,"time":"\/Date(1483268100000-0500)\/","train_id":2007},{"station_id":58,"time":"\/Date(1483268340000-0500)\/","train_id":2007},{"station_id":123,"time":"\/Date(1483268880000-0500)\/","train_id":2007},{"station_id":93,"time":"\/Date(1483269540000-0500)\/","train_id":2007}]},{"id":2013,"station_arrivals":[{"station_id":101,"time":"\/Date(1483269840000-0500)\/","train_id":2013},{"station_id":51,"time":"\/Date(1483271400000-0500)\/","train_id":2013},{"station_id":93,"time":"\/Date(1483273800000-0500)\/","train_id":2013}]},{"id":2303,"station_arrivals":[{"station_id":32,"time":"\/Date(1483271820000-0500)\/","train_id":2303},{"station_id":14,"time":"\/Date(1483272060000-0500)\/","train_id":2303},{"station_id":51,"time":"\/Date(1483272360000-0500)\/","train_id":2303},{"station_id":93,"time":"\/Date(1483274880000-0500)\/","train_id":2303}]},{"id":2021,"station_arrivals":[{"station_id":101,"time":"\/Date(1483272240000-0500)\/","train_id":2021},{"station_id":25,"time":"\/Date(1483272960000-0500)\/","train_id":2021},{"station_id":124,"time":"\/Date(1483273260000-0500)\/","train_id":2021},{"station_id":32,"time":"\/Date(1483273620000-0500)\/","train_id":2021},{"station_id":14,"time":"\/Date(1483273860000-0500)\/","train_id":2021},{"station_id":93,"time":"\/Date(1483276740000-0500)\/","train_id":2021}]},{"id":2023,"station_arrivals":[{"station_id":101,"time":"\/Date(1483273140000-0500)\/","train_id":2023},{"station_id":20,"time":"\/Date(1483273560000-0500)\/","train_id":2023},{"station_id":15,"time":"\/Date(1483273800000-0500)\/","train_id":2023},{"station_id":93,"time":"\/Date(1483277280000-0500)\/","train_id":2023}]},{"id":603,"station_arrivals":[{"station_id":96,"time":"\/Date(1483264500000-0500)\/","train_id":603},{"station_id":114,"time":"\/Date(1483265100000-0500)\/","train_id":603},{"station_id":112,"time":"\/Date(1483265460000-0500)\/","train_id":603},{"station_id":107,"time":"\/Date(1483265760000-0500)\/","train_id":603},{"station_id":60,"time":"\/Date(1483266240000-0500)\/","train_id":603},{"station_id":87,"time":"\/Date(1483266540000-0500)\/","train_id":603},{"station_id":44,"time":"\/Date(1483266840000-0500)\/","train_id":603},{"station_id":54,"time":"\/Date(1483267260000-0500)\/","train_id":603},{"station_id":58,"time":"\/Date(1483269600000-0500)\/","train_id":603},{"station_id":53,"time":"\/Date(1483270620000-0500)\/","train_id":603}]},{"id":2703,"station_arrivals":[{"station_id":83,"time":"\/Date(1483267140000-0500)\/","train_id":2703},{"station_id":2,"time":"\/Date(1483268280000-0500)\/","train_id":2703},{"station_id":27,"time":"\/Date(1483268580000-0500)\/","train_id":2703},{"station_id":16,"time":"\/Date(1483269120000-0500)\/","train_id":2703},{"station_id":108,"time":"\/Date(1483269720000-0500)\/","train_id":2703},{"station_id":47,"time":"\/Date(1483270320000-0500)\/","train_id":2703},{"station_id":120,"time":"\/Date(1483270860000-0500)\/","train_id":2703},{"station_id":110,"time":"\/Date(1483271340000-0500)\/","train_id":2703},{"station_id":75,"time":"\/Date(1483272300000-0500)\/","train_id":2703},{"station_id":12,"time":"\/Date(1483272600000-0500)\/","train_id":2703},{"station_id":92,"time":"\/Date(1483273020000-0500)\/","train_id":2703},{"station_id":104,"time":"\/Date(1483273440000-0500)\/","train_id":2703},{"station_id":6,"time":"\/Date(1483274340000-0500)\/","train_id":2703},{"station_id":51,"time":"\/Date(1483275420000-0500)\/","train_id":2703},{"station_id":82,"time":"\/Date(1483275840000-0500)\/","train_id":2703},{"station_id":58,"time":"\/Date(1483276740000-0500)\/","train_id":2703},{"station_id":53,"time":"\/Date(1483277760000-0500)\/","train_id":2703}]},{"id":2739,"station_arrivals":[{"station_id":110,"time":"\/Date(1483272720000-0500)\/","train_id":2739},{"station_id":75,"time":"\/Date(1483273680000-0500)\/","train_id":2739},{"station_id":12,"time":"\/Date(1483273980000-0500)\/","train_id":2739},{"station_id":92,"time":"\/Date(1483274400000-0500)\/","train_id":2739},{"station_id":104,"time":"\/Date(1483274820000-0500)\/","train_id":2739},{"station_id":89,"time":"\/Date(1483275060000-0500)\/","train_id":2739},{"station_id":43,"time":"\/Date(1483275300000-0500)\/","train_id":2739},{"station_id":57,"time":"\/Date(1483275540000-0500)\/","train_id":2739},{"station_id":8,"time":"\/Date(1483275840000-0500)\/","train_id":2739},{"station_id":6,"time":"\/Date(1483276200000-0500)\/","train_id":2739},{"station_id":58,"time":"\/Date(1483278960000-0500)\/","train_id":2739},{"station_id":53,"time":"\/Date(1483279860000-0500)\/","train_id":2739}]}]}